cliente_id,total_gastado
1,787.72
13,514.4300000000001
17,668.9200000000001
19,507.33
21,540.96
23,516.06
31,650.31
32,687.86
37,663.41
39,1168.15
40,1256.9
46,852.3399999999999
56,576.5899999999999
65,1038.64
66,723.68
68,524.5799999999999
73,830.88
74,631.4499999999999
75,608.51
77,875.87
84,647.5
85,1257.66
89,631.36
90,825.19
94,742.26
99,540.26
100,708.6899999999999
